date,product,theme,news_count
2025-09-01,GOLD,央行购金,4
2025-09-01,GOLD,地缘冲突,5
2025-09-01,GOLD,通胀对冲,6
2025-09-02,GOLD,央行购金,5
2025-09-02,GOLD,地缘冲突,6
2025-09-02,GOLD,通胀对冲,7
2025-09-03,GOLD,央行购金,6
2025-09-03,GOLD,地缘冲突,7
2025-09-03,GOLD,通胀对冲,4
2025-09-04,GOLD,央行购金,7
2025-09-04,GOLD,地缘冲突,4
2025-09-04,GOLD,通胀对冲,5
2025-09-05,GOLD,央行购金,4
2025-09-05,GOLD,地缘冲突,5
2025-09-05,GOLD,通胀对冲,6
2025-09-06,GOLD,央行购金,5
2025-09-06,GOLD,地缘冲突,6
2025-09-06,GOLD,通胀对冲,7
2025-09-07,GOLD,央行购金,6
2025-09-07,GOLD,地缘冲突,7
2025-09-07,GOLD,通胀对冲,4
2025-09-08,GOLD,央行购金,7
2025-09-08,GOLD,地缘冲突,4
2025-09-08,GOLD,通胀对冲,5
2025-09-09,GOLD,央行购金,4
2025-09-09,GOLD,地缘冲突,5
2025-09-09,GOLD,通胀对冲,6
2025-09-10,GOLD,央行购金,5
2025-09-10,GOLD,地缘冲突,6
2025-09-10,GOLD,通胀对冲,7
2025-09-11,GOLD,央行购金,6
2025-09-11,GOLD,地缘冲突,7
2025-09-11,GOLD,通胀对冲,4
2025-09-12,GOLD,央行购金,7
2025-09-12,GOLD,地缘冲突,4
2025-09-12,GOLD,通胀对冲,5
2025-09-13,GOLD,央行购金,4
2025-09-13,GOLD,地缘冲突,5
2025-09-13,GOLD,通胀对冲,6
2025-09-14,GOLD,央行购金,5
2025-09-14,GOLD,地缘冲突,6
2025-09-14,GOLD,通胀对冲,7
2025-09-15,GOLD,央行购金,6
2025-09-15,GOLD,地缘冲突,7
2025-09-15,GOLD,通胀对冲,4
2025-09-16,GOLD,央行购金,7
2025-09-16,GOLD,地缘冲突,4
2025-09-16,GOLD,通胀对冲,5
2025-09-17,GOLD,央行购金,4
2025-09-17,GOLD,地缘冲突,5
2025-09-17,GOLD,通胀对冲,6
2025-09-18,GOLD,央行购金,5
2025-09-18,GOLD,地缘冲突,6
2025-09-18,GOLD,通胀对冲,7
2025-09-19,GOLD,央行购金,6
2025-09-19,GOLD,地缘冲突,7
2025-09-19,GOLD,通胀对冲,4
2025-09-20,GOLD,央行购金,7
2025-09-20,GOLD,地缘冲突,4
2025-09-20,GOLD,通胀对冲,5
2025-09-21,GOLD,央行购金,4
2025-09-21,GOLD,地缘冲突,5
2025-09-21,GOLD,通胀对冲,6
2025-09-22,GOLD,央行购金,5
2025-09-22,GOLD,地缘冲突,6
2025-09-22,GOLD,通胀对冲,7
2025-09-23,GOLD,央行购金,6
2025-09-23,GOLD,地缘冲突,7
2025-09-23,GOLD,通胀对冲,4
2025-09-24,GOLD,央行购金,7
2025-09-24,GOLD,地缘冲突,4
2025-09-24,GOLD,通胀对冲,5
2025-09-25,GOLD,央行购金,4
2025-09-25,GOLD,地缘冲突,5
2025-09-25,GOLD,通胀对冲,6
2025-09-26,GOLD,央行购金,5
2025-09-26,GOLD,地缘冲突,6
2025-09-26,GOLD,通胀对冲,7
2025-09-27,GOLD,央行购金,6
2025-09-27,GOLD,地缘冲突,7
2025-09-27,GOLD,通胀对冲,4
2025-09-28,GOLD,央行购金,7
2025-09-28,GOLD,地缘冲突,4
2025-09-28,GOLD,通胀对冲,5
2025-09-29,GOLD,央行购金,4
2025-09-29,GOLD,地缘冲突,5
2025-09-29,GOLD,通胀对冲,6
2025-09-30,GOLD,央行购金,5
2025-09-30,GOLD,地缘冲突,6
2025-09-30,GOLD,通胀对冲,7
2025-10-01,GOLD,央行购金,6
2025-10-01,GOLD,地缘冲突,7
2025-10-01,GOLD,通胀对冲,4
2025-10-02,GOLD,央行购金,7
2025-10-02,GOLD,地缘冲突,4
2025-10-02,GOLD,通胀对冲,5
2025-10-03,GOLD,央行购金,4
2025-10-03,GOLD,地缘冲突,5
2025-10-03,GOLD,通胀对冲,6
2025-10-04,GOLD,央行购金,5
2025-10-04,GOLD,地缘冲突,6
2025-10-04,GOLD,通胀对冲,7
2025-10-05,GOLD,央行购金,6
2025-10-05,GOLD,地缘冲突,7
2025-10-05,GOLD,通胀对冲,4
2025-10-06,GOLD,央行购金,7
2025-10-06,GOLD,地缘冲突,4
2025-10-06,GOLD,通胀对冲,5
2025-10-07,GOLD,央行购金,4
2025-10-07,GOLD,地缘冲突,5
2025-10-07,GOLD,通胀对冲,6
2025-10-08,GOLD,央行购金,5
2025-10-08,GOLD,地缘冲突,6
2025-10-08,GOLD,通胀对冲,7
2025-10-09,GOLD,央行购金,6
2025-10-09,GOLD,地缘冲突,7
2025-10-09,GOLD,通胀对冲,4
2025-10-10,GOLD,央行购金,7
2025-10-10,GOLD,地缘冲突,4
2025-10-10,GOLD,通胀对冲,5
2025-10-11,GOLD,央行购金,4
2025-10-11,GOLD,地缘冲突,5
2025-10-11,GOLD,通胀对冲,6
2025-10-12,GOLD,央行购金,5
2025-10-12,GOLD,地缘冲突,6
2025-10-12,GOLD,通胀对冲,7
2025-10-13,GOLD,央行购金,6
2025-10-13,GOLD,地缘冲突,7
2025-10-13,GOLD,通胀对冲,4
2025-10-14,GOLD,央行购金,7
2025-10-14,GOLD,地缘冲突,4
2025-10-14,GOLD,通胀对冲,5
2025-10-15,GOLD,央行购金,4
2025-10-15,GOLD,地缘冲突,5
2025-10-15,GOLD,通胀对冲,6
2025-10-16,GOLD,央行购金,5
2025-10-16,GOLD,地缘冲突,6
2025-10-16,GOLD,通胀对冲,7
2025-10-17,GOLD,央行购金,6
2025-10-17,GOLD,地缘冲突,7
2025-10-17,GOLD,通胀对冲,4
2025-10-18,GOLD,央行购金,7
2025-10-18,GOLD,地缘冲突,4
2025-10-18,GOLD,通胀对冲,5
2025-10-19,GOLD,央行购金,4
2025-10-19,GOLD,地缘冲突,5
2025-10-19,GOLD,通胀对冲,6
2025-10-20,GOLD,央行购金,5
2025-10-20,GOLD,地缘冲突,6
2025-10-20,GOLD,通胀对冲,7
2025-10-21,GOLD,央行购金,6
2025-10-21,GOLD,地缘冲突,7
2025-10-21,GOLD,通胀对冲,4
2025-10-22,GOLD,央行购金,7
2025-10-22,GOLD,地缘冲突,4
2025-10-22,GOLD,通胀对冲,5
2025-10-23,GOLD,央行购金,4
2025-10-23,GOLD,地缘冲突,5
2025-10-23,GOLD,通胀对冲,6
2025-10-24,GOLD,央行购金,5
2025-10-24,GOLD,地缘冲突,6
2025-10-24,GOLD,通胀对冲,7
2025-10-25,GOLD,央行购金,6
2025-10-25,GOLD,地缘冲突,7
2025-10-25,GOLD,通胀对冲,4
2025-10-26,GOLD,央行购金,7
2025-10-26,GOLD,地缘冲突,4
2025-10-26,GOLD,通胀对冲,5
2025-10-27,GOLD,央行购金,4
2025-10-27,GOLD,地缘冲突,5
2025-10-27,GOLD,通胀对冲,6
2025-10-28,GOLD,央行购金,5
2025-10-28,GOLD,地缘冲突,6
2025-10-28,GOLD,通胀对冲,7
2025-10-29,GOLD,央行购金,6
2025-10-29,GOLD,地缘冲突,7
2025-10-29,GOLD,通胀对冲,4
2025-10-30,GOLD,央行购金,7
2025-10-30,GOLD,地缘冲突,4
2025-10-30,GOLD,通胀对冲,5
2025-10-31,GOLD,央行购金,4
2025-10-31,GOLD,地缘冲突,5
2025-10-31,GOLD,通胀对冲,6
2025-11-01,GOLD,央行购金,5
2025-11-01,GOLD,地缘冲突,6
2025-11-01,GOLD,通胀对冲,7
2025-11-02,GOLD,央行购金,6
2025-11-02,GOLD,地缘冲突,7
2025-11-02,GOLD,通胀对冲,4
2025-11-03,GOLD,央行购金,7
2025-11-03,GOLD,地缘冲突,4
2025-11-03,GOLD,通胀对冲,5
2025-11-04,GOLD,央行购金,4
2025-11-04,GOLD,地缘冲突,5
2025-11-04,GOLD,通胀对冲,6
2025-11-05,GOLD,央行购金,5
2025-11-05,GOLD,地缘冲突,6
2025-11-05,GOLD,通胀对冲,7
2025-11-06,GOLD,央行购金,6
2025-11-06,GOLD,地缘冲突,7
2025-11-06,GOLD,通胀对冲,4
2025-11-07,GOLD,央行购金,7
2025-11-07,GOLD,地缘冲突,4
2025-11-07,GOLD,通胀对冲,5
2025-11-08,GOLD,央行购金,4
2025-11-08,GOLD,地缘冲突,5
2025-11-08,GOLD,通胀对冲,6
2025-11-09,GOLD,央行购金,5
2025-11-09,GOLD,地缘冲突,6
2025-11-09,GOLD,通胀对冲,7
2025-11-10,GOLD,央行购金,6
2025-11-10,GOLD,地缘冲突,7
2025-11-10,GOLD,通胀对冲,4
2025-11-11,GOLD,央行购金,7
2025-11-11,GOLD,地缘冲突,4
2025-11-11,GOLD,通胀对冲,5
2025-11-12,GOLD,央行购金,4
2025-11-12,GOLD,地缘冲突,5
2025-11-12,GOLD,通胀对冲,6
2025-11-13,GOLD,央行购金,5
2025-11-13,GOLD,地缘冲突,6
2025-11-13,GOLD,通胀对冲,7
2025-11-14,GOLD,央行购金,6
2025-11-14,GOLD,地缘冲突,7
2025-11-14,GOLD,通胀对冲,4
2025-11-15,GOLD,央行购金,7
2025-11-15,GOLD,地缘冲突,4
2025-11-15,GOLD,通胀对冲,5
2025-11-16,GOLD,央行购金,4
2025-11-16,GOLD,地缘冲突,5
2025-11-16,GOLD,通胀对冲,6
2025-11-17,GOLD,央行购金,5
2025-11-17,GOLD,地缘冲突,6
2025-11-17,GOLD,通胀对冲,7
2025-11-18,GOLD,央行购金,6
2025-11-18,GOLD,地缘冲突,7
2025-11-18,GOLD,通胀对冲,4
2025-11-19,GOLD,央行购金,7
2025-11-19,GOLD,地缘冲突,4
2025-11-19,GOLD,通胀对冲,5
2025-11-20,GOLD,央行购金,4
2025-11-20,GOLD,地缘冲突,5
2025-11-20,GOLD,通胀对冲,6
2025-11-21,GOLD,央行购金,5
2025-11-21,GOLD,地缘冲突,6
2025-11-21,GOLD,通胀对冲,7
2025-11-22,GOLD,央行购金,6
2025-11-22,GOLD,地缘冲突,7
2025-11-22,GOLD,通胀对冲,4
2025-11-23,GOLD,央行购金,7
2025-11-23,GOLD,地缘冲突,4
2025-11-23,GOLD,通胀对冲,5
2025-11-24,GOLD,央行购金,4
2025-11-24,GOLD,地缘冲突,5
2025-11-24,GOLD,通胀对冲,6
2025-11-25,GOLD,央行购金,5
2025-11-25,GOLD,地缘冲突,6
2025-11-25,GOLD,通胀对冲,7
2025-11-26,GOLD,央行购金,6
2025-11-26,GOLD,地缘冲突,7
2025-11-26,GOLD,通胀对冲,4
2025-11-27,GOLD,央行购金,7
2025-11-27,GOLD,地缘冲突,4
2025-11-27,GOLD,通胀对冲,5
2025-11-28,GOLD,央行购金,4
2025-11-28,GOLD,地缘冲突,5
2025-11-28,GOLD,通胀对冲,6
2025-11-29,GOLD,央行购金,5
2025-11-29,GOLD,地缘冲突,6
2025-11-29,GOLD,通胀对冲,7
2025-11-30,GOLD,央行购金,6
2025-11-30,GOLD,地缘冲突,7
2025-11-30,GOLD,通胀对冲,4
2025-12-01,GOLD,央行购金,7
2025-12-01,GOLD,地缘冲突,4
2025-12-01,GOLD,通胀对冲,5
2025-12-02,GOLD,央行购金,4
2025-12-02,GOLD,地缘冲突,5
2025-12-02,GOLD,通胀对冲,6
2025-12-03,GOLD,央行购金,5
2025-12-03,GOLD,地缘冲突,6
2025-12-03,GOLD,通胀对冲,7
2025-12-04,GOLD,央行购金,6
2025-12-04,GOLD,地缘冲突,7
2025-12-04,GOLD,通胀对冲,4
2025-12-05,GOLD,央行购金,7
2025-12-05,GOLD,地缘冲突,4
2025-12-05,GOLD,通胀对冲,5
2025-12-06,GOLD,央行购金,4
2025-12-06,GOLD,地缘冲突,5
2025-12-06,GOLD,通胀对冲,6
2025-12-07,GOLD,央行购金,5
2025-12-07,GOLD,地缘冲突,6
2025-12-07,GOLD,通胀对冲,7
2025-12-08,GOLD,央行购金,6
2025-12-08,GOLD,地缘冲突,7
2025-12-08,GOLD,通胀对冲,4
2025-12-09,GOLD,央行购金,7
2025-12-09,GOLD,地缘冲突,4
2025-12-09,GOLD,通胀对冲,5
2025-12-10,GOLD,央行购金,4
2025-12-10,GOLD,地缘冲突,5
2025-12-10,GOLD,通胀对冲,6
2025-12-11,GOLD,央行购金,5
2025-12-11,GOLD,地缘冲突,6
2025-12-11,GOLD,通胀对冲,7
2025-12-12,GOLD,央行购金,6
2025-12-12,GOLD,地缘冲突,7
2025-12-12,GOLD,通胀对冲,4
2025-12-13,GOLD,央行购金,7
2025-12-13,GOLD,地缘冲突,4
2025-12-13,GOLD,通胀对冲,5
2025-12-14,GOLD,央行购金,4
2025-12-14,GOLD,地缘冲突,5
2025-12-14,GOLD,通胀对冲,6
2025-12-15,GOLD,央行购金,5
2025-12-15,GOLD,地缘冲突,6
2025-12-15,GOLD,通胀对冲,7
2025-12-16,GOLD,央行购金,6
2025-12-16,GOLD,地缘冲突,7
2025-12-16,GOLD,通胀对冲,4
2025-12-17,GOLD,央行购金,7
2025-12-17,GOLD,地缘冲突,4
2025-12-17,GOLD,通胀对冲,5
2025-12-18,GOLD,央行购金,4
2025-12-18,GOLD,地缘冲突,5
2025-12-18,GOLD,通胀对冲,6
2025-12-19,GOLD,央行购金,5
2025-12-19,GOLD,地缘冲突,6
2025-12-19,GOLD,通胀对冲,7
2025-12-20,GOLD,央行购金,6
2025-12-20,GOLD,地缘冲突,7
2025-12-20,GOLD,通胀对冲,4
2025-12-21,GOLD,央行购金,7
2025-12-21,GOLD,地缘冲突,4
2025-12-21,GOLD,通胀对冲,5
2025-12-22,GOLD,央行购金,4
2025-12-22,GOLD,地缘冲突,5
2025-12-22,GOLD,通胀对冲,6
2025-12-23,GOLD,央行购金,5
2025-12-23,GOLD,地缘冲突,6
2025-12-23,GOLD,通胀对冲,7
2025-12-24,GOLD,央行购金,6
2025-12-24,GOLD,地缘冲突,7
2025-12-24,GOLD,通胀对冲,4
2025-12-25,GOLD,央行购金,7
2025-12-25,GOLD,地缘冲突,4
2025-12-25,GOLD,通胀对冲,5
2025-12-26,GOLD,央行购金,4
2025-12-26,GOLD,地缘冲突,5
2025-12-26,GOLD,通胀对冲,6
2025-12-27,GOLD,央行购金,5
2025-12-27,GOLD,地缘冲突,6
2025-12-27,GOLD,通胀对冲,7
2025-12-28,GOLD,央行购金,6
2025-12-28,GOLD,地缘冲突,7
2025-12-28,GOLD,通胀对冲,4
2025-12-29,GOLD,央行购金,7
2025-12-29,GOLD,地缘冲突,4
2025-12-29,GOLD,通胀对冲,5
2025-12-30,GOLD,央行购金,4
2025-12-30,GOLD,地缘冲突,5
2025-12-30,GOLD,通胀对冲,6
2025-12-31,GOLD,央行购金,5
2025-12-31,GOLD,地缘冲突,6
2025-12-31,GOLD,通胀对冲,7
2026-01-01,GOLD,央行购金,6
2026-01-01,GOLD,地缘冲突,7
2026-01-01,GOLD,通胀对冲,4
2026-01-02,GOLD,央行购金,7
2026-01-02,GOLD,地缘冲突,4
2026-01-02,GOLD,通胀对冲,5
2026-01-03,GOLD,央行购金,4
2026-01-03,GOLD,地缘冲突,5
2026-01-03,GOLD,通胀对冲,6
2026-01-04,GOLD,央行购金,5
2026-01-04,GOLD,地缘冲突,6
2026-01-04,GOLD,通胀对冲,7
2026-01-05,GOLD,央行购金,6
2026-01-05,GOLD,地缘冲突,7
2026-01-05,GOLD,通胀对冲,4
2026-01-06,GOLD,央行购金,7
2026-01-06,GOLD,地缘冲突,4
2026-01-06,GOLD,通胀对冲,5
2026-01-07,GOLD,央行购金,4
2026-01-07,GOLD,地缘冲突,5
2026-01-07,GOLD,通胀对冲,6
2026-01-08,GOLD,央行购金,5
2026-01-08,GOLD,地缘冲突,6
2026-01-08,GOLD,通胀对冲,7
2026-01-09,GOLD,央行购金,6
2026-01-09,GOLD,地缘冲突,7
2026-01-09,GOLD,通胀对冲,4
2026-01-10,GOLD,央行购金,7
2026-01-10,GOLD,地缘冲突,4
2026-01-10,GOLD,通胀对冲,5
2026-01-11,GOLD,央行购金,4
2026-01-11,GOLD,地缘冲突,5
2026-01-11,GOLD,通胀对冲,6
2026-01-12,GOLD,央行购金,5
2026-01-12,GOLD,地缘冲突,6
2026-01-12,GOLD,通胀对冲,7
2026-01-13,GOLD,央行购金,6
2026-01-13,GOLD,地缘冲突,7
2026-01-13,GOLD,通胀对冲,4
2026-01-14,GOLD,央行购金,7
2026-01-14,GOLD,地缘冲突,4
2026-01-14,GOLD,通胀对冲,5
2026-01-15,GOLD,央行购金,4
2026-01-15,GOLD,地缘冲突,5
2026-01-15,GOLD,通胀对冲,6
2026-01-16,GOLD,央行购金,5
2026-01-16,GOLD,地缘冲突,6
2026-01-16,GOLD,通胀对冲,7
2026-01-17,GOLD,央行购金,6
2026-01-17,GOLD,地缘冲突,7
2026-01-17,GOLD,通胀对冲,4
2026-01-18,GOLD,央行购金,7
2026-01-18,GOLD,地缘冲突,4
2026-01-18,GOLD,通胀对冲,5
2026-01-19,GOLD,央行购金,4
2026-01-19,GOLD,地缘冲突,5
2026-01-19,GOLD,通胀对冲,6
